split,relative_path,class_name,label,sha256,group_id
train,agricultural/agricultural00.tif,agricultural,0,85ac47bf0b3e840a00c0cf077f3f4ce9d72f2e00f5f165f1b73a48d06ea67e60,singleton::agricultural::agricultural00
train,agricultural/agricultural01.tif,agricultural,0,43dc8b4e25532c0609db7cf954e69f0d2017b4b57519554b3b45f9f2f93196dd,singleton::agricultural::agricultural01
train,agricultural/agricultural02.tif,agricultural,0,a69e99469e16358ec3d71be79b0a895f4e876f510b7f363c211a35ed7857a30f,singleton::agricultural::agricultural02
train,agricultural/agricultural05.tif,agricultural,0,921b8a3bd325e1c9f4b87e065b2c92fc02b8a3df888da48aab2a3816f474aed7,singleton::agricultural::agricultural05
train,agricultural/agricultural07.tif,agricultural,0,5a03495fb98c598f2694490d577d55329e8cbcfa14ce14a3499d4e47a3824e08,singleton::agricultural::agricultural07
train,agricultural/agricultural08.tif,agricultural,0,62ec0a741dc9a54924dce6edf4ffda707b1157605142e66d5f184f048a109d3b,singleton::agricultural::agricultural08
train,agricultural/agricultural10.tif,agricultural,0,e53185dd9e596f592b7318a734867b567c75ba4d04b235e6029375d994a45a98,singleton::agricultural::agricultural10
train,agricultural/agricultural13.tif,agricultural,0,a2c3e678a2ed3bdc10f395ae783d3fe86f9eda462d4adde443c58cf802f0f885,singleton::agricultural::agricultural13
train,agricultural/agricultural14.tif,agricultural,0,5a7430099a30bc3ccea449a7dbfb09045c191d56458708c48955e20b8737e47e,singleton::agricultural::agricultural14
train,agricultural/agricultural16.tif,agricultural,0,e9f76b2d8dc497a9cf9f5777381877908b5e419ebb6d4c498899e10c8c93cb54,singleton::agricultural::agricultural16
train,agricultural/agricultural17.tif,agricultural,0,19d098e171fbf296f886e323fc7da08f740ed84bcb5760ba4b70cbe142f085e5,singleton::agricultural::agricultural17
train,agricultural/agricultural18.tif,agricultural,0,e2cbff5f39e1de10ac86efb2367e671df0cabbdf436b68c16517af18765c0613,singleton::agricultural::agricultural18
train,agricultural/agricultural19.tif,agricultural,0,231f55c7dd8ab7fed94b233388185bc61cf6d6c6fa196950d76fafab59d600e6,singleton::agricultural::agricultural19
train,agricultural/agricultural21.tif,agricultural,0,6237c1fb55e32f1e9f505275402ee0c30db5cb4bd1dcbcd6a5aeeb2bda93c660,singleton::agricultural::agricultural21
train,agricultural/agricultural23.tif,agricultural,0,51e10a7169733455c676b84ee4377f50b5cc300d1637d538585829c4fbf9c067,singleton::agricultural::agricultural23
train,agricultural/agricultural24.tif,agricultural,0,158ac6d87c9fba5f0f02adda83e404e7156d9ecf4d487ed2dd9d33f0eb61d03c,singleton::agricultural::agricultural24
train,agricultural/agricultural25.tif,agricultural,0,6afef677f8b40e679cd6f37eec5c766fb04ff30a8f6505b909cf807dcb45515f,singleton::agricultural::agricultural25
train,agricultural/agricultural26.tif,agricultural,0,a6e05521cfcf6cc7c4d006990c9e21697a62fc7a2f88cc1a9aeecf176e18d379,singleton::agricultural::agricultural26
train,agricultural/agricultural27.tif,agricultural,0,ea1daf9c576147a2ebb85a8d755eb7fca0edcc779ea6cf4fff38c13a1e202fa7,singleton::agricultural::agricultural27
train,agricultural/agricultural28.tif,agricultural,0,3cf88ae111488e46cca0c0a9d69744a7857a5e9cef0eee53148ea565a45a6a34,singleton::agricultural::agricultural28
train,agricultural/agricultural29.tif,agricultural,0,dbd44a8e01e40e58f18ea3c700acb1be9f2b05fff0b90a6247fe9979d4e87e7c,singleton::agricultural::agricultural29
train,agricultural/agricultural32.tif,agricultural,0,b4a3a446edece143105c4adaab25bce41be8fc40a6deeac48157cbc33a3cedb4,singleton::agricultural::agricultural32
train,agricultural/agricultural33.tif,agricultural,0,f1b3f89f4ceff666aa708312408b55b390cee5136778ac03fd21540e14c13d59,singleton::agricultural::agricultural33
train,agricultural/agricultural34.tif,agricultural,0,971754a87c68ded46771cfc51f459a585c1823acf8e51f6c5c9a767937035817,singleton::agricultural::agricultural34
train,agricultural/agricultural36.tif,agricultural,0,50fabbe0197309cca1ff1a31de1441bc9ea6e354fd702c9d7ff3d6aa0eacf8ac,singleton::agricultural::agricultural36
train,agricultural/agricultural37.tif,agricultural,0,55dfab16b1d2c88888153e81c470ea1b421672ebc69a9292f39d3d1c58489f07,singleton::agricultural::agricultural37
train,agricultural/agricultural38.tif,agricultural,0,a0367865e00b0afdee56853567e8af07248e28087d64237e3c8979a767aedf2a,singleton::agricultural::agricultural38
train,agricultural/agricultural39.tif,agricultural,0,8f6bb1cdb788b86a2051956528a66343b263dd8570b78c2b4e712cacec4f0802,singleton::agricultural::agricultural39
train,agricultural/agricultural40.tif,agricultural,0,a6fb8be40ffd62d6b46720c0531b8ac87a254fb07566fedd0570329332cb167d,singleton::agricultural::agricultural40
train,agricultural/agricultural41.tif,agricultural,0,cb6633dd1eef59822bb9b120fef8bb59d60d3797e5146aa7ca3f0e4c5f8adf13,singleton::agricultural::agricultural41
train,agricultural/agricultural42.tif,agricultural,0,7c0aa0d82f80dba2dff7e3cf538a9292344561731c4c307707a5330a6c1d84fa,singleton::agricultural::agricultural42
train,agricultural/agricultural43.tif,agricultural,0,86339eb20f609a722962f40a8e1aac8c4bb8fe58da6da13db0e8ff0930594838,singleton::agricultural::agricultural43
train,agricultural/agricultural45.tif,agricultural,0,ad53003519c3d670e2d14971b97f3bff1b7a56e70f7291c6826f67997334fc48,singleton::agricultural::agricultural45
train,agricultural/agricultural46.tif,agricultural,0,3f26a7748ccc8fbf542e2360b7f5680129106dbffa17ed208cfe0548f26ba106,singleton::agricultural::agricultural46
train,agricultural/agricultural47.tif,agricultural,0,24bc75a356b93d7c12e822d4fdad803b7f9b40f036e1762417baa021fb1bb159,singleton::agricultural::agricultural47
train,agricultural/agricultural48.tif,agricultural,0,b3afb8f38af1f7ccb8da3ec66949a431de8c74fbf27da0ebeda4729f9689af34,singleton::agricultural::agricultural48
train,agricultural/agricultural50.tif,agricultural,0,745dfb1afa52e460450161a6b086bc4a932d85686ea0f405e6c90a544b01719d,singleton::agricultural::agricultural50
train,agricultural/agricultural51.tif,agricultural,0,33ca0c4eab079ed1b383a80ba8fde8e3e5bf301a01ccb62c1c88ea8c192c71f8,singleton::agricultural::agricultural51
train,agricultural/agricultural52.tif,agricultural,0,c72694423ba3dc6b4880264828e178e424fe4a56895b0a66470316cda99b251a,singleton::agricultural::agricultural52
train,agricultural/agricultural54.tif,agricultural,0,a37c21bdfdfd4b868312ba65991ae41e0b510fd81800b223eda59e9bae44df5d,singleton::agricultural::agricultural54
train,agricultural/agricultural55.tif,agricultural,0,ed52b3f5ac3eb41ad5f384b158e6629d305b71244e905185dd28c410604548b4,singleton::agricultural::agricultural55
train,agricultural/agricultural57.tif,agricultural,0,70634c388b3b96c412d1883f039865defb068ce3cc75fd6f571150d7c70b50ad,singleton::agricultural::agricultural57
train,agricultural/agricultural58.tif,agricultural,0,c9cfd724ba30d4830f1da05102abc1ffd39170cbfbb332a73bbd65c8f432b8f7,singleton::agricultural::agricultural58
train,agricultural/agricultural59.tif,agricultural,0,2e6f108b40b0d3b18a633fd55a1c0c7326475dd5394a6f819e1fd3f3c49334ff,singleton::agricultural::agricultural59
train,agricultural/agricultural60.tif,agricultural,0,c56d32f30b0d93ea86d814fc913c2bf84e648c10365918689a5997768d8e74e1,singleton::agricultural::agricultural60
train,agricultural/agricultural63.tif,agricultural,0,998bedb54add1b4ed31670acaa2291ff0561a8ee03e7f17f7f51ff4e5b24e972,singleton::agricultural::agricultural63
train,agricultural/agricultural64.tif,agricultural,0,3474f50b5211cf5f5e588c99acc2c6bb11095c36d7f927f931c88ad386d31cc2,singleton::agricultural::agricultural64
train,agricultural/agricultural65.tif,agricultural,0,26eae894aa7e9776206281716d9de821cd6027c870e51770e52928ceb0554dc1,singleton::agricultural::agricultural65
train,agricultural/agricultural67.tif,agricultural,0,dbab176e1222d28b596af06d7caac3325228189cd0e71d9339d7c22207d4fadc,singleton::agricultural::agricultural67
train,agricultural/agricultural68.tif,agricultural,0,b4d193c530ac314897324743d9f357e499a05ea9e0762391381bb4855cbaed8a,singleton::agricultural::agricultural68
train,agricultural/agricultural70.tif,agricultural,0,f3268b2ba43c20e25e1bdd9e1b325b9f38faa0ae8eb308dabe06096f21e0fd03,singleton::agricultural::agricultural70
train,agricultural/agricultural72.tif,agricultural,0,cbe30afcff8aa1091378c166bc1a094a2831e447737b668129a9d8f820543807,singleton::agricultural::agricultural72
train,agricultural/agricultural73.tif,agricultural,0,e621cf6e5af8d41f40097aa54afd696312f3dc5888149e515560c028c58841ba,singleton::agricultural::agricultural73
train,agricultural/agricultural75.tif,agricultural,0,aed04679f956a203b9a91315aa275845a767f272c4dc81b536482b1209381fd0,singleton::agricultural::agricultural75
train,agricultural/agricultural77.tif,agricultural,0,aa7afd19e66ad3e1a47f2f843aa1f518dfb8641bfab94c79d28f12458f0dc58a,singleton::agricultural::agricultural77
train,agricultural/agricultural79.tif,agricultural,0,e1b2f355dccb525c2a63eb89ef45d7aa0fa7d881e6176c69180396127b7fa576,singleton::agricultural::agricultural79
train,agricultural/agricultural80.tif,agricultural,0,00cdc564e6e53cba9d821409de1af7614a9afa5071935cdd79548ae2fbd5ce67,singleton::agricultural::agricultural80
train,agricultural/agricultural81.tif,agricultural,0,fd6633e3eb5bc09a9c2d24b7092750ac723f5908032281ce41d19aad9830cdd1,singleton::agricultural::agricultural81
train,agricultural/agricultural82.tif,agricultural,0,3a3218621ebcb67ff0a2fc277a52091eeac5ee70eb98d78454e3eef5342beb19,singleton::agricultural::agricultural82
train,agricultural/agricultural83.tif,agricultural,0,3cb7bfe447c5b028d7561f9f018fe7f99413c6527e2cfeb495ce963a60a08308,singleton::agricultural::agricultural83
train,agricultural/agricultural84.tif,agricultural,0,1c3615d8d3f4d914e6e30a59368f233497154ecaf6e277945792c473a0d0bf8b,singleton::agricultural::agricultural84
train,agricultural/agricultural85.tif,agricultural,0,4e240cb0a2f4a9a375ec6d8179907ee1df3ada5769b651d2fdc43349c53c87ca,singleton::agricultural::agricultural85
train,agricultural/agricultural86.tif,agricultural,0,ba107c38d7ade615aae4220dd7acbf92abecd95389295b404af2bcdde4b63ba8,singleton::agricultural::agricultural86
train,agricultural/agricultural87.tif,agricultural,0,2ca9265b97ba79ceb8f11364c558a7e5a5e95e5c7788669821e5574333479f7b,singleton::agricultural::agricultural87
train,agricultural/agricultural88.tif,agricultural,0,0cf3c9d226f234620b089a017eb2897b1131ebe1c578fe1daf9d6653b6abed66,singleton::agricultural::agricultural88
train,agricultural/agricultural89.tif,agricultural,0,3b5de3300b2f689ba116a94211e71c3f51f3f31fdafea4add8440eea183de488,singleton::agricultural::agricultural89
train,agricultural/agricultural91.tif,agricultural,0,438faaa5887081ad3c2e3f35c926807cbd3f793d3cdd88f501e09ba1b2651ba8,agricultural_related_91_94
train,agricultural/agricultural93.tif,agricultural,0,a2ce43b9bfc2a482b1e1e8ebda66f94cf3ffea849034809d368a1b18f0b8da11,singleton::agricultural::agricultural93
train,agricultural/agricultural94.tif,agricultural,0,e27221e06e34b87df8f11e96e5665a84d5e48a3daad91d0c21b17e5ab4a0b569,agricultural_related_91_94
train,agricultural/agricultural97.tif,agricultural,0,49c639800b0f957af0ce0617c4ceff908812ed31f09b5d7845d35ce32dec7a58,singleton::agricultural::agricultural97
train,airplane/airplane00.tif,airplane,1,99e8b5369678cdb720a90c3961daa67a464b98297eb8cf0fd4ba847280631cc8,singleton::airplane::airplane00
train,airplane/airplane01.tif,airplane,1,9b53b4bfbef3a6643b5df77cf4522e41892219c737e8515e0be0590833385451,airplane_same_scene_01_02
train,airplane/airplane02.tif,airplane,1,5eb96a3ed8dba9975222f763b30621161ed7817f596bbacddaa77210628558d3,airplane_same_scene_01_02
train,airplane/airplane04.tif,airplane,1,68d87142753438e91a60a332c359486f4df6252cb2a6286fa2b1646130705220,singleton::airplane::airplane04
train,airplane/airplane05.tif,airplane,1,c72808a0d33e776d44f074ac887d10e33222bb1cec4e218d1330a868718784cd,singleton::airplane::airplane05
train,airplane/airplane06.tif,airplane,1,b1e61bcc7ff348cc528270acb169a32db1fff66e44ed6be495166d2278b539a4,singleton::airplane::airplane06
train,airplane/airplane07.tif,airplane,1,f9e636132d08c20c7c773cb967036a3a50b0aed267d203a88e1b999668d67414,singleton::airplane::airplane07
train,airplane/airplane09.tif,airplane,1,5e1d32de94c4ed76e5cd59e4ff8dcbab51cff0ee51b5e01c9152fdfc02f96a34,singleton::airplane::airplane09
train,airplane/airplane11.tif,airplane,1,9011a3d680f0adf0e4b884569892e401b84c575fb192f21732b001281478a305,singleton::airplane::airplane11
train,airplane/airplane13.tif,airplane,1,447013908e08332b7dad5cff6eec68085d417e61ddf0750b17c875051b3bd334,singleton::airplane::airplane13
train,airplane/airplane14.tif,airplane,1,643d51af485d069ca5211fb78aa328e29ce17aaa9cd7de4c42fe1184ec6ea1fa,singleton::airplane::airplane14
train,airplane/airplane15.tif,airplane,1,d4a92276a196f3499f7d7cdad22f2fa6a159e44d51a077c22f8aaa0abf8cb234,singleton::airplane::airplane15
train,airplane/airplane17.tif,airplane,1,be985d8ac3226dfd670766743e27bad29e2307844ba9664c32ea98e996ddc043,singleton::airplane::airplane17
train,airplane/airplane19.tif,airplane,1,adf6409bcfdf46f0ea6d6b0f3b2a7886d172605fe4418b42064e66ffb5f7919d,singleton::airplane::airplane19
train,airplane/airplane20.tif,airplane,1,97789d90b7b6c18ccd181d278cbc44dc739225df1027497697be3dffe39ffe7b,singleton::airplane::airplane20
train,airplane/airplane22.tif,airplane,1,83ea2fcf0035cf27fa00c6ab6356f7179192ecff1c62c5f9c58d422d3cf33fdb,singleton::airplane::airplane22
train,airplane/airplane23.tif,airplane,1,441be2c4ddc1bed78ea191f022c034c6b6ed854e73e8c6320fcf773a2de43b41,singleton::airplane::airplane23
train,airplane/airplane24.tif,airplane,1,8d80516b7d77165c1a68736ded12a507c4636a5b933a89e3e37515419b25267b,singleton::airplane::airplane24
train,airplane/airplane27.tif,airplane,1,f50c80047ee86a46c428b21d4d548938e9a9731d3918659b6215b4f1aa28e544,singleton::airplane::airplane27
train,airplane/airplane28.tif,airplane,1,f258efd6f0c0f4d7720fc9e02f615267abd2f872f9a4ad8b41c277246c3de779,singleton::airplane::airplane28
train,airplane/airplane29.tif,airplane,1,306fc786423b21255a7483e514b0c78a58b237cc8c85a030aba02b936abd8c5b,singleton::airplane::airplane29
train,airplane/airplane30.tif,airplane,1,091ceca8948abea99e6d4a79a7132063fd5bc3e60355c09a5194b25ff859ded9,singleton::airplane::airplane30
train,airplane/airplane31.tif,airplane,1,9f2f38db0e0dd8537c09e1783591e2da2fbdb03996ddd517083d0b27ee6ad69d,singleton::airplane::airplane31
train,airplane/airplane32.tif,airplane,1,1809655a9dd86ed6f870799aa339b4999c4d4e4f67aad3bbdc7bbc25e67e8850,singleton::airplane::airplane32
train,airplane/airplane33.tif,airplane,1,e7436114831d3e6348a64428b1d435c7d183ed432d484f43163e449baf67073d,singleton::airplane::airplane33
train,airplane/airplane36.tif,airplane,1,7f9f64d37ac8120b68ed577547908030cfb97cdda641085a8abb82a561a06a9e,singleton::airplane::airplane36
train,airplane/airplane37.tif,airplane,1,c4bf947b086bff327201ee71d08dfb8f14271f7f20b39cffd36c2634571d9b16,singleton::airplane::airplane37
train,airplane/airplane39.tif,airplane,1,91e0be2b04133651fe568718f027b6ebf77b8677af52e11c9a61535e33750b34,singleton::airplane::airplane39
train,airplane/airplane42.tif,airplane,1,c3d9d9e97ced4019e063c81c12c1eac9f26dbc3ce763a0e774e708350dae8278,singleton::airplane::airplane42
train,airplane/airplane43.tif,airplane,1,c9938e56189b0a4d47b7b1afcf05078d4e88886f2aeb0fb98dceb6d10048ad19,singleton::airplane::airplane43
train,airplane/airplane44.tif,airplane,1,02399e05d6c218bef770c6f27491b033e847541cbf80a3e9d93f920cb215088e,singleton::airplane::airplane44
train,airplane/airplane45.tif,airplane,1,21502291d1b33e4e113f77d08cf1c3ce35eed7482302ce30d8672662be8bfec4,singleton::airplane::airplane45
train,airplane/airplane47.tif,airplane,1,b866afae61380401634e2ca5a897ae67acecbacf96dd713c80a8828142cdf261,singleton::airplane::airplane47
train,airplane/airplane48.tif,airplane,1,4124c16ac18c75f5619e97ea606c43a9531b2cbb9c14c6ed91ca2e5897e21a6b,singleton::airplane::airplane48
train,airplane/airplane49.tif,airplane,1,08c79a75b75c8a4b1deffdbd50137edf7f098b12b7ff586296f375b675a75715,singleton::airplane::airplane49
train,airplane/airplane51.tif,airplane,1,82b6b08a4b1691348df0486d0835313e6ed0b74ce2ff5611776421545ee9464d,singleton::airplane::airplane51
train,airplane/airplane52.tif,airplane,1,cff4ee79d676a766605fbd3fc0a72c8de988d691eea50502f26a8ced0d079a1c,singleton::airplane::airplane52
train,airplane/airplane53.tif,airplane,1,a2af1abc2568a0e41522f42f65e31e96f01d86d7ec6620d8e049dbc74f169757,singleton::airplane::airplane53
train,airplane/airplane54.tif,airplane,1,76ffd6df454dc136cc658ddab9623443fe7468efe30916953a57e8087e2dd687,singleton::airplane::airplane54
train,airplane/airplane56.tif,airplane,1,58ae5b56e3b939a4e3f558725d11280600b45c04a996cc93764d746af5681b1c,singleton::airplane::airplane56
train,airplane/airplane57.tif,airplane,1,758ddeff5940b3a3d908e1b13259bdb6b49bdc3454e9d453ff18b83be0d5161d,singleton::airplane::airplane57
train,airplane/airplane58.tif,airplane,1,82d4ba97ee816621a4742a7ddc6dd49dc53ea0fdfd74bef21ac1b352da596215,singleton::airplane::airplane58
train,airplane/airplane60.tif,airplane,1,e3fdc6d4d846d568e81e455729f81e07344a0753f596036b32f6df492e831c24,singleton::airplane::airplane60
train,airplane/airplane61.tif,airplane,1,d7ad67a96f7823b0f05555e1223fd73f555360d0e27479c123579adb09befc4c,singleton::airplane::airplane61
train,airplane/airplane62.tif,airplane,1,173de44af5c1b36aa9df73b2f501ebbb4fc3afd25c4965a7b9b51021e31b1a3b,singleton::airplane::airplane62
train,airplane/airplane64.tif,airplane,1,f5aa7f84c39ca7d35522b9831cd4a40bab134b327c3eb3bc638983d2a1b01cfc,singleton::airplane::airplane64
train,airplane/airplane66.tif,airplane,1,09658cd9a8bb1a11e7552ed48deaafbf328e44e85964d42c0ff842a6a649fbc0,singleton::airplane::airplane66
train,airplane/airplane67.tif,airplane,1,9d67442914c51b78ef44276cf39ef721770cbadb32461842a239afcedb96dc5e,singleton::airplane::airplane67
train,airplane/airplane69.tif,airplane,1,c9e8f3e38e15ab1a459ec2a7d330a8c6d6b8f297543818cc13a0b7739bfd1a66,singleton::airplane::airplane69
train,airplane/airplane70.tif,airplane,1,b9bfde3ac805bd2e0c8b4a49e0c379b3a1479047e9cd7d9caaf399949346f545,singleton::airplane::airplane70
train,airplane/airplane72.tif,airplane,1,dcb9b7ba7a676b6edb5904271f1d6aa46e963a7504a178de9a9afb61fe9d6635,singleton::airplane::airplane72
train,airplane/airplane73.tif,airplane,1,4f79405b8a1174aa5328c2715840524017bad2c364374367392b95e34dbcc674,singleton::airplane::airplane73
train,airplane/airplane75.tif,airplane,1,66ac8787ea4a16204fd72a96546b7033d08b7c3cb9cbc3d4fcfdd14f5f7466c2,singleton::airplane::airplane75
train,airplane/airplane76.tif,airplane,1,03d268195d6be9e140dc36151f513aaac69db52c265c090035b7c80aa33e6d2a,singleton::airplane::airplane76
train,airplane/airplane78.tif,airplane,1,208e5e17c56564e43456d7950187daff88f42e7cbc77cfb200c2ee03cd5a325d,singleton::airplane::airplane78
train,airplane/airplane82.tif,airplane,1,22f20209c45ec5721fc417fc06399fc2a52569d15c07fb3ad0f9c915e6dd1f54,singleton::airplane::airplane82
train,airplane/airplane83.tif,airplane,1,d4967efc21dd0bb3a76be73e4c3b602ecb8ec1318302e6d901bf845d20759b6b,singleton::airplane::airplane83
train,airplane/airplane85.tif,airplane,1,9384e441029e29d95e240671b9c6cc6980eb08b4e0ba6a5d83e1fd2cd72aaafd,singleton::airplane::airplane85
train,airplane/airplane86.tif,airplane,1,0f6ebf4e9cc69236f54123b84d1a737af2580398e0172c39ddc691730575377a,singleton::airplane::airplane86
train,airplane/airplane87.tif,airplane,1,3874a12c6d598433ef4898ae629388c50b7d1d108c5fd834ac218c58cf9d20ae,singleton::airplane::airplane87
train,airplane/airplane89.tif,airplane,1,280a84861c7f3e71cb67bc99d99c85ab201bdd8c5d9eb715400f8cff9039ad59,singleton::airplane::airplane89
train,airplane/airplane90.tif,airplane,1,eb4e7669e6d86a41ecb58ec004d5dc13306a5c6c40cfaa920d3cc3c7c2d24daa,singleton::airplane::airplane90
train,airplane/airplane91.tif,airplane,1,ac104e567c25c3b711b30c549b9e884168f8e831e39d566d43da979e4ef32e51,singleton::airplane::airplane91
train,airplane/airplane92.tif,airplane,1,a000645ad66dfd77b46ffb9384ef8a74df7f0b59d41aedb728ae21835ad5dae1,singleton::airplane::airplane92
train,airplane/airplane93.tif,airplane,1,581c63a1096db4f725d448c956fb66c9808640bb065ca63aad13c414a34caf3b,singleton::airplane::airplane93
train,airplane/airplane95.tif,airplane,1,73d74b05cadcac7cc4b8f617e6935aaaffb6cec18b89258a5f0d9fa709fdd318,singleton::airplane::airplane95
train,airplane/airplane96.tif,airplane,1,5a96e12fe56f5853dd84c0dfbd3988b3d6dd3302dab39c784a1389452478f118,singleton::airplane::airplane96
train,airplane/airplane97.tif,airplane,1,b2ea6cc24d66ea9101029767260e7a3f95f06d5ca324efc576b150032f395d8c,singleton::airplane::airplane97
train,airplane/airplane98.tif,airplane,1,1ac4e9c1dc45104e715a923f1d31f9f2bf795f22937f6f08099f399f8293441c,singleton::airplane::airplane98
train,airplane/airplane99.tif,airplane,1,08c43277940939c83cce0fcff7e565d1c54e9ef562099b160cf7f95e4ea5ae80,singleton::airplane::airplane99
train,baseballdiamond/baseballdiamond00.tif,baseballdiamond,2,e72355462fcd5f054bd0f7c3b762961131e414cde7c8e7a8adaf1989a817fb93,singleton::baseballdiamond::baseballdiamond00
train,baseballdiamond/baseballdiamond02.tif,baseballdiamond,2,1aea93130a8117eeb54714fc54030391883002f830a82e2a64b3ae4ac0c6e1b6,singleton::baseballdiamond::baseballdiamond02
train,baseballdiamond/baseballdiamond03.tif,baseballdiamond,2,37cb1b96f0fbd77ecd1a91ac109ecc8bea240a3933eea27cfabda378268bee6d,singleton::baseballdiamond::baseballdiamond03
train,baseballdiamond/baseballdiamond04.tif,baseballdiamond,2,4b132f823342e4c9411fde7f9fa7c82c69a41378d5f90e87ee9da10ff580fac2,singleton::baseballdiamond::baseballdiamond04
train,baseballdiamond/baseballdiamond05.tif,baseballdiamond,2,b64048a5eade525e9b415dcf2ea911e3c9b3a6b816d977c7ce699c58c633af36,singleton::baseballdiamond::baseballdiamond05
train,baseballdiamond/baseballdiamond08.tif,baseballdiamond,2,ba65e040dcecf34082ed85a7ac3794d74749d9a502cd4375c09666ef11ea33df,singleton::baseballdiamond::baseballdiamond08
train,baseballdiamond/baseballdiamond09.tif,baseballdiamond,2,4ec863d1641c6add245949d61efb5bbab8b61ebd945aa8f55eadf84f24c18217,singleton::baseballdiamond::baseballdiamond09
train,baseballdiamond/baseballdiamond10.tif,baseballdiamond,2,fe533471c1b2d46e4cb6986df2b65173a1ac11dfebc5b328de7d809a581c82e6,singleton::baseballdiamond::baseballdiamond10
train,baseballdiamond/baseballdiamond11.tif,baseballdiamond,2,c553a09c3f277f2ad30fc9a7d8979836e933ed82801923fdfca8d2c84033f349,singleton::baseballdiamond::baseballdiamond11
train,baseballdiamond/baseballdiamond13.tif,baseballdiamond,2,a6c57ac44342871a795a3c591dd2540c37e5736e4387773fce79aff7ddef41c2,singleton::baseballdiamond::baseballdiamond13
train,baseballdiamond/baseballdiamond16.tif,baseballdiamond,2,7101ba4550b3943984de05ef6e3043e97ae95f8e58ede2c2e5674832bfee32a9,singleton::baseballdiamond::baseballdiamond16
train,baseballdiamond/baseballdiamond17.tif,baseballdiamond,2,f9328a8beaf01e81f0379d098e3733dc22d272b66e4d2d46e5188a10436ea872,singleton::baseballdiamond::baseballdiamond17
train,baseballdiamond/baseballdiamond18.tif,baseballdiamond,2,c538a58bce74b2dada086c6868929d43126ee2eba22a5f37ab3f4683e3260519,singleton::baseballdiamond::baseballdiamond18
train,baseballdiamond/baseballdiamond20.tif,baseballdiamond,2,7cb58c89b2393f727eb2633815caa9a56908ae3bc97a72c239546d7aae089856,singleton::baseballdiamond::baseballdiamond20
train,baseballdiamond/baseballdiamond21.tif,baseballdiamond,2,3ac5b4505b5f69d7b88501a8b36324fa35bd2fd46148d6c1ec928898386b0734,singleton::baseballdiamond::baseballdiamond21
train,baseballdiamond/baseballdiamond22.tif,baseballdiamond,2,aa0a67d9f8f291504bd62c51e44a62f21325ad17a295aed3d446be9e2dfd55b7,singleton::baseballdiamond::baseballdiamond22
train,baseballdiamond/baseballdiamond23.tif,baseballdiamond,2,4327c74ddf17f8eb29225d6b021928eca6a03cfb6edf6f59d0e4f431b6693987,singleton::baseballdiamond::baseballdiamond23
train,baseballdiamond/baseballdiamond24.tif,baseballdiamond,2,12ca86b788cd5861ff4b1cc93c4e3f746e9da847ae4bfe4e6718e37a09343266,singleton::baseballdiamond::baseballdiamond24
train,baseballdiamond/baseballdiamond26.tif,baseballdiamond,2,9d4331d9d3240cbdea5b44bd767ed85634a833736a526650ae44a1c1acef4267,singleton::baseballdiamond::baseballdiamond26
train,baseballdiamond/baseballdiamond27.tif,baseballdiamond,2,b37e338b40294d0ec5c0ca6a5e46d9b50a7f8220e30db30bb1f79915ae1b0826,singleton::baseballdiamond::baseballdiamond27
train,baseballdiamond/baseballdiamond28.tif,baseballdiamond,2,ccee3eda61a8070d70434db22e7863089379e5267cf305386443a0139f0da958,singleton::baseballdiamond::baseballdiamond28
train,baseballdiamond/baseballdiamond30.tif,baseballdiamond,2,354382514a6ab0576546007c418a5f907204d2f4823256d3b86bfa657e5e57b0,singleton::baseballdiamond::baseballdiamond30
train,baseballdiamond/baseballdiamond32.tif,baseballdiamond,2,3dcdf89263f89c648f03f58b8cfecfd851be8638e2e171fcf082fe1d31297965,singleton::baseballdiamond::baseballdiamond32
train,baseballdiamond/baseballdiamond35.tif,baseballdiamond,2,959c90a35de1bd547550c79977443a36fe55bb4782698ec5f2d2da303bcee694,singleton::baseballdiamond::baseballdiamond35
train,baseballdiamond/baseballdiamond36.tif,baseballdiamond,2,cb86989edd00a9af33ee2c7d02aee4a7e2f0871e4ede2ec446ea07bb87b36d51,singleton::baseballdiamond::baseballdiamond36
train,baseballdiamond/baseballdiamond37.tif,baseballdiamond,2,bf7f270dca76b3dea4b6f3225ac13a58bc88b2ba259165f52b708e2234850afb,singleton::baseballdiamond::baseballdiamond37
train,baseballdiamond/baseballdiamond38.tif,baseballdiamond,2,f8eb3e5150a3ded336e36905a5858860c29b6de9b49eec83caa22b9c51528197,singleton::baseballdiamond::baseballdiamond38
train,baseballdiamond/baseballdiamond40.tif,baseballdiamond,2,b0182e01987ce3b3e3fc1f8c550514d52ba568fa769a58d13594f532a64a9f2c,singleton::baseballdiamond::baseballdiamond40
train,baseballdiamond/baseballdiamond41.tif,baseballdiamond,2,6af7e05ee83fb953f1b3f93591794674522ce68e15718bd2b4f4d2745b8bd739,singleton::baseballdiamond::baseballdiamond41
train,baseballdiamond/baseballdiamond42.tif,baseballdiamond,2,54f6d773fde6cf762337cd3015663d588123ebbed66880c628026634fa5985a1,singleton::baseballdiamond::baseballdiamond42
train,baseballdiamond/baseballdiamond43.tif,baseballdiamond,2,cf6409a2b10c33bbff294f601673b47d3d943692490cf8a79443751a69ba33ca,singleton::baseballdiamond::baseballdiamond43
train,baseballdiamond/baseballdiamond44.tif,baseballdiamond,2,9e2f15ea3380da193c84e0e72ab0b9d44e7d4a1efd32cac25f66aed17dc1b488,singleton::baseballdiamond::baseballdiamond44
train,baseballdiamond/baseballdiamond45.tif,baseballdiamond,2,abb330cccdb926aa58d877b47684dddd18008dae91c2beb6ec6e822cd1f9c039,singleton::baseballdiamond::baseballdiamond45
train,baseballdiamond/baseballdiamond47.tif,baseballdiamond,2,f66ed5098701dc75a25138db9a6c9eec1f06553b2d03fc1701263c7667f8ef15,singleton::baseballdiamond::baseballdiamond47
train,baseballdiamond/baseballdiamond51.tif,baseballdiamond,2,f7d2cfe22b77841b02f1496359b8b63c5468bdc0e93086b939909b297628c08e,singleton::baseballdiamond::baseballdiamond51
train,baseballdiamond/baseballdiamond52.tif,baseballdiamond,2,e7a387b7333b73403b4fb5935ce29c42b88affc4bffec3865f0d59bfe608309b,singleton::baseballdiamond::baseballdiamond52
train,baseballdiamond/baseballdiamond53.tif,baseballdiamond,2,093a532cb179774e14ab660d9c797bdaadf2a87880c75c59828fc188de283363,singleton::baseballdiamond::baseballdiamond53
train,baseballdiamond/baseballdiamond54.tif,baseballdiamond,2,3e71ebb9bc918be0410a5b443c8578f8e328fe493139743ccc2d02132d073b3d,singleton::baseballdiamond::baseballdiamond54
train,baseballdiamond/baseballdiamond56.tif,baseballdiamond,2,4edabab0c49467ed934d7f06694755faf53906d33d8851c3c23321be193e80b6,singleton::baseballdiamond::baseballdiamond56
train,baseballdiamond/baseballdiamond58.tif,baseballdiamond,2,db91ce65e535cb27f1906df2e721917fe1cfd40c0b226ae0ba865ac26c684d6e,singleton::baseballdiamond::baseballdiamond58
train,baseballdiamond/baseballdiamond60.tif,baseballdiamond,2,b3438dcc756915371b57c61bea0888adab901f9cdc8ef451d33faa31e7e208e5,singleton::baseballdiamond::baseballdiamond60
train,baseballdiamond/baseballdiamond61.tif,baseballdiamond,2,ff5ac486e3b78958345c45bd068ca49e3999b93fb4ebb8a734131a1908c94a2b,singleton::baseballdiamond::baseballdiamond61
train,baseballdiamond/baseballdiamond62.tif,baseballdiamond,2,5fe5a58cdd023ec5c0add12e0d99f7ceaff215ea00329a8d8262dac66da68d88,singleton::baseballdiamond::baseballdiamond62
train,baseballdiamond/baseballdiamond63.tif,baseballdiamond,2,d1e6a94403d77c3ec085755ffa299fb65e5b3772817c746b4a04433d88fa5334,singleton::baseballdiamond::baseballdiamond63
train,baseballdiamond/baseballdiamond64.tif,baseballdiamond,2,13d4796c1a69e5b0a709f438c293197a9f8ece6d319c3513ad9e04c206789a77,singleton::baseballdiamond::baseballdiamond64
train,baseballdiamond/baseballdiamond65.tif,baseballdiamond,2,f5c4eff8e086d65ac8bed3492a2d3f7fe2f13fa3f78cb10f21001a3dfad7002b,singleton::baseballdiamond::baseballdiamond65
train,baseballdiamond/baseballdiamond66.tif,baseballdiamond,2,295f91e2b10dda6dbd392b28d3d4f5a7e91c387816f79ba6e0e484fb2ba2bc62,singleton::baseballdiamond::baseballdiamond66
train,baseballdiamond/baseballdiamond67.tif,baseballdiamond,2,f633cf7b78b80dfaa5616dd474d54a6a0883a4533776ede3f8fb0fcea7d0c3e9,singleton::baseballdiamond::baseballdiamond67
train,baseballdiamond/baseballdiamond69.tif,baseballdiamond,2,42c82cc92f375487071ba9a22ff26d64091a7ea221ae0baaa2f8d6e99fad5023,singleton::baseballdiamond::baseballdiamond69
train,baseballdiamond/baseballdiamond70.tif,baseballdiamond,2,23c01cc2af042a5e0c4d456947e6fb42840b1a7d39248b7d2a9c285b612af7e3,singleton::baseballdiamond::baseballdiamond70
train,baseballdiamond/baseballdiamond71.tif,baseballdiamond,2,ad4c1bd447ce48b08fae3c7ceea21cd8edea3ac4318f93dc7c63e1ac0e87e8e4,singleton::baseballdiamond::baseballdiamond71
train,baseballdiamond/baseballdiamond72.tif,baseballdiamond,2,64bad18be4581adfd2bb2ce2b050426a3d14e3665ac679dc8741dee1f9364c44,singleton::baseballdiamond::baseballdiamond72
train,baseballdiamond/baseballdiamond73.tif,baseballdiamond,2,cfdd4bfd6f4a7900f1e003a26f773f22acc187d66506554edca0f66d6494990a,singleton::baseballdiamond::baseballdiamond73
train,baseballdiamond/baseballdiamond76.tif,baseballdiamond,2,991f48e84d7ffa7ca1d0488ee5577fecc4af51a077a7f4072fbf1c0f03bc0f10,singleton::baseballdiamond::baseballdiamond76
train,baseballdiamond/baseballdiamond78.tif,baseballdiamond,2,05d6a12164518df47eb24a57d9942fb3f199cae1ff79e53d4bffea6ddfe0aeef,singleton::baseballdiamond::baseballdiamond78
train,baseballdiamond/baseballdiamond79.tif,baseballdiamond,2,f8c550bff615d279ec335e50b809ccc74ceaaab6ab0517809e03873faac7b815,singleton::baseballdiamond::baseballdiamond79
train,baseballdiamond/baseballdiamond81.tif,baseballdiamond,2,dc4d78720330ea71a396a783013c323bcdc6cc02f19832dd2a66642a30da9f5e,singleton::baseballdiamond::baseballdiamond81
train,baseballdiamond/baseballdiamond82.tif,baseballdiamond,2,1d9ddd78f3fe7e02d57a47ab25f03859c98fb3e958865abd0c2bb5ea0b66e3ad,singleton::baseballdiamond::baseballdiamond82
train,baseballdiamond/baseballdiamond84.tif,baseballdiamond,2,a77f767187107aedf2dd4c67c804109b2273c19bbe278feb8c2a2eb419a618c2,singleton::baseballdiamond::baseballdiamond84
train,baseballdiamond/baseballdiamond86.tif,baseballdiamond,2,adbaace322c5a84f4d838e7ce50580b1a2fcfb2fb2ccfd1f082300e0c7fc83a3,singleton::baseballdiamond::baseballdiamond86
train,baseballdiamond/baseballdiamond89.tif,baseballdiamond,2,939d2d7de9e8284e30e821c1b66754f51198303221a9d8d727ecaa1fed00d41f,singleton::baseballdiamond::baseballdiamond89
train,baseballdiamond/baseballdiamond90.tif,baseballdiamond,2,042eae87b30a13aaa7ebb5737bb19e8c61f479491da0d490aea9d1ccbc7a9336,singleton::baseballdiamond::baseballdiamond90
train,baseballdiamond/baseballdiamond91.tif,baseballdiamond,2,e4a5d9c98d6aa96b83b478daca147551829ca507f670364593212910fa9e91da,singleton::baseballdiamond::baseballdiamond91
train,baseballdiamond/baseballdiamond92.tif,baseballdiamond,2,46a97a88a3b0792fb0ab5900aae261e4629374c5dc5d6999e98cf94ef46cf563,singleton::baseballdiamond::baseballdiamond92
train,baseballdiamond/baseballdiamond93.tif,baseballdiamond,2,b2155c6d6252cf39a06950e21464ea007c25e0798d3cdc3d5b699b78f4cdcd9b,singleton::baseballdiamond::baseballdiamond93
train,baseballdiamond/baseballdiamond94.tif,baseballdiamond,2,29034c68a3b88245fdff7429727be0cb97c3af50be387b3670c4c61e0b98cb42,singleton::baseballdiamond::baseballdiamond94
train,baseballdiamond/baseballdiamond95.tif,baseballdiamond,2,bc01b4452a8da2f33b87210deb6abd7e3467810c6f3c6ab77818e7777b38e313,singleton::baseballdiamond::baseballdiamond95
train,baseballdiamond/baseballdiamond96.tif,baseballdiamond,2,73eeda3830465a87cbdc5018514fb176a53865d34fe2496038872e41c06fbec3,singleton::baseballdiamond::baseballdiamond96
train,baseballdiamond/baseballdiamond98.tif,baseballdiamond,2,f73c4b579cceefec21181573c85a2e03e87a35042d8aee394d9219164290cba8,singleton::baseballdiamond::baseballdiamond98
train,baseballdiamond/baseballdiamond99.tif,baseballdiamond,2,c62f20a71219d2fb250757c15850ff2f9f02ef413a14d88953f02d3df253c2b0,singleton::baseballdiamond::baseballdiamond99
train,beach/beach01.tif,beach,3,eea7940e046303c999e42a451d836aa3610fc5df7410b647d15e7d63841caeee,singleton::beach::beach01
train,beach/beach02.tif,beach,3,16aaec8bfbe1e1698e2429d956d03879350842c575345bef0a81d305d07d95aa,singleton::beach::beach02
train,beach/beach03.tif,beach,3,4bdba065b9f4d783d65da1ebcb22819ae2ba62ec32f7b781e458571425e78c2d,singleton::beach::beach03
train,beach/beach04.tif,beach,3,9415523894d2672f09b050f61267de2eb89ef029ac3e3e903379cd169750572b,singleton::beach::beach04
train,beach/beach07.tif,beach,3,21f49bd08eaf8f1675353fe365c1f1fba737a1cbfc958c12e63f3cd75cfc5e60,singleton::beach::beach07
train,beach/beach09.tif,beach,3,7937e388c769995114adfe7c0f535b76d5051b105f3a3fcc4bc92c7557bb5c6c,singleton::beach::beach09
train,beach/beach10.tif,beach,3,37772996185f905a66752ea54d6a89b0f9c8869fe41301d5d1f0e32cd31dec23,singleton::beach::beach10
train,beach/beach12.tif,beach,3,5f83f73d74684a3d5c814c2e2a49d3dfa44070f85acc4546152391a84d86badc,singleton::beach::beach12
train,beach/beach13.tif,beach,3,46057a32afab71146e539ce7f4fdfa34664152f3af3f1d3d3fbd50e9879500b1,singleton::beach::beach13
train,beach/beach14.tif,beach,3,0d4bbda4bf3b99e9d4f237984f786da1c99abf7c8939f96950ed1bfd90fb9e86,singleton::beach::beach14
train,beach/beach17.tif,beach,3,24296daeb8c75a151f5858a6b8bb17789678ce7ed010fafcbc9b3d53504b555f,singleton::beach::beach17
train,beach/beach19.tif,beach,3,c8090bd6051268474416adde62564051b6f8f8c551d685e5083162f996fefb14,singleton::beach::beach19
train,beach/beach20.tif,beach,3,d2ce0f1edb1a1d0279deef88f68ba760ec11d0f258221176a86951abf6f6f251,singleton::beach::beach20
train,beach/beach21.tif,beach,3,30af027e4c8998607b0bf31d8ff03de9ca0fca3a52b3197b3160bf3701a93c80,singleton::beach::beach21
train,beach/beach22.tif,beach,3,450612038cb8964c2da7ab1310347242a1a43bfe9b5599a6b1a7f8727a50643a,singleton::beach::beach22
train,beach/beach23.tif,beach,3,a30b5715c28a76fd4e0338b5cb2ce73b751e88b607254de5c960429e81d95743,singleton::beach::beach23
train,beach/beach26.tif,beach,3,a62c41c5e895fe2f536e9dbf4e565c502fc0e7461c2e93f022c636b30655279f,singleton::beach::beach26
train,beach/beach27.tif,beach,3,7ffc77515010f5c7c2ea44ca23c5ac327a3bd34a386deb578ff14f746ffcaff2,singleton::beach::beach27
train,beach/beach28.tif,beach,3,983246b90c75b4eed3034f68900725306089e94168f936b3255f73f8623d5d91,singleton::beach::beach28
train,beach/beach29.tif,beach,3,028554dec6e1d3c214d181bfbd475ebf780f13c6d54135f225d52fa775227335,singleton::beach::beach29
train,beach/beach30.tif,beach,3,9feb36c528b23f22a1e4f362ef3f933147ff3462d0a95e509036fc9573107648,singleton::beach::beach30
train,beach/beach31.tif,beach,3,167f21d76658e464b4ebf0271ce9839436229e16c6f1c764989f645c360cd5f3,singleton::beach::beach31
train,beach/beach35.tif,beach,3,d61f6981b4be60f4ec4c7fa198497c87cd55e616a6e12ced8344859b5541b131,singleton::beach::beach35
train,beach/beach36.tif,beach,3,80ab742861152298206d106418f385e73fb59d9e7923878f4e799ff0dbd2624a,singleton::beach::beach36
train,beach/beach37.tif,beach,3,6cc765f72b40262830e04a9d351dcbb5b81b01658d5796f69f723a8eebe73b4f,singleton::beach::beach37
train,beach/beach38.tif,beach,3,eeb67cb80f7c8e7b7555c84781a42ee26db6f56a36ad3204b8aee9d16f7c84a5,singleton::beach::beach38
train,beach/beach39.tif,beach,3,2ef89d7a64f2b94c04da871eef381e4651c8263c0f4749106859cbd4742b48a2,singleton::beach::beach39
train,beach/beach40.tif,beach,3,de5dc37f3345cc1f254401318565e328e3b517399cde1941e5d2f056b325eb15,singleton::beach::beach40
train,beach/beach41.tif,beach,3,135aac389bb8a2a419c4f130f4f4a4d8b9d5044897dcda16d3fede73e59ca576,singleton::beach::beach41
train,beach/beach43.tif,beach,3,95343b77333f57152011f7f831ff2bdf30d207f33044998785671c7180870f86,singleton::beach::beach43
train,beach/beach45.tif,beach,3,420ca15e076983a3f032e23dd125612b8f3cc42526a2e4d5b0f31dbcf0b86270,singleton::beach::beach45
train,beach/beach47.tif,beach,3,611f54d9fa5917170451a47ace9f06a44e9d220674dadc7be5c015ff971b4e21,singleton::beach::beach47
train,beach/beach48.tif,beach,3,7a90ce68d89498e1e30cb2bbcd281a2be6bb101300a927fe62c0b063397f6b4e,singleton::beach::beach48
train,beach/beach49.tif,beach,3,6e72c7102a1711aa90b25df009958ea03c4e8dda8f21a1c1fced642d7b713c47,singleton::beach::beach49
train,beach/beach50.tif,beach,3,3ec0f369bb86ee1c45c5071f1d6c196df80c87f2f5fce6203a39a5220c55932f,singleton::beach::beach50
train,beach/beach52.tif,beach,3,b13ea5280e8c59f4854cf5c6a594dab59a2c5e20a840d29e4a0eefad7cbe007e,singleton::beach::beach52
train,beach/beach53.tif,beach,3,f02a8bd8883baf96caf2b03163824c7592e7e7c36c76468b0f30ac1f15ae4294,singleton::beach::beach53
train,beach/beach54.tif,beach,3,6bb8bac7c0c5d08db78e469c3fd7151fff21b26606561c50c26170ce07e807e3,singleton::beach::beach54
train,beach/beach55.tif,beach,3,50cacd040c38c8bfbfbd98cd785048203c608b3e42c9ee67ea80814144f6e320,singleton::beach::beach55
train,beach/beach56.tif,beach,3,9f5169b4920f29a0a8217e462a5b59b02e08e259214d1c73856bf4c5a09fac4a,singleton::beach::beach56
train,beach/beach58.tif,beach,3,8d6c690a96779b0cd8992e83c8f693a8429db2045575119191366ac34a17bef7,singleton::beach::beach58
train,beach/beach59.tif,beach,3,8f9234ae082e0a5172464c354965967ea32c82530fb024aa99a7242da0f4ec11,singleton::beach::beach59
train,beach/beach60.tif,beach,3,a254d8f04c451187c164d17480c7907696fc6e2796f3c1c180f8d6357e2d514e,singleton::beach::beach60
train,beach/beach61.tif,beach,3,6abdbe837e04629f263eba24748f2ec666ff084e40139a681bf9bebc383dbaae,singleton::beach::beach61
train,beach/beach62.tif,beach,3,89e0a7f285b5ce9fa2b312d93ba086208b0b463b2ecc77dd1dcd36f7097919fe,singleton::beach::beach62
train,beach/beach63.tif,beach,3,364ae230b2f59ca85ee3821af0c7ce671a41d96736141d2a901385a5af2b010a,singleton::beach::beach63
train,beach/beach64.tif,beach,3,8cafc3e31370dcba83fe5b920934a7d902ca19cc14bc2d5dce8985034a1cf8e7,singleton::beach::beach64
train,beach/beach66.tif,beach,3,f2529ce8f57de8b4788e497cc236dc2958dfb02f3935e1cb08b3b70e5053a5b6,singleton::beach::beach66
train,beach/beach67.tif,beach,3,37cf5f516d4ec29d34a4dcf2075e988b4735fae51733fe006b4626170933d6ce,singleton::beach::beach67
train,beach/beach68.tif,beach,3,f8bbac4f77bde78361c364861cb96f036f43e0b82df98beeff1b1b67677e1eec,singleton::beach::beach68
train,beach/beach69.tif,beach,3,2168516adb47da55e32f1647a80184475855386c8e811d556fa72189bf8c8db2,singleton::beach::beach69
train,beach/beach70.tif,beach,3,65fc24d1014bc11848c784a4016039d523b9d34b874397b0f0a7b7f60b3a6f26,singleton::beach::beach70
train,beach/beach71.tif,beach,3,001b31618ceaf8f74501923e5c842284848d6023bbc66eaadeeacab3481a470e,singleton::beach::beach71
train,beach/beach74.tif,beach,3,ba288e38d17291d52774fb05353df5aa5fae162947dd0e757f78ac0312d22cde,singleton::beach::beach74
train,beach/beach76.tif,beach,3,bf6e468b6d1a9955d18a388865ed088ff17c184705cdc940d91bc3c9d598f488,singleton::beach::beach76
train,beach/beach83.tif,beach,3,50c2897a9418911e2f9f8388bd1e443d9ee64acbd7e57665f4d4b6e4c4021e1f,singleton::beach::beach83
train,beach/beach84.tif,beach,3,2f926e75bd5324d7b5aba4a552e2134bb93a75082f949ace2dc6365fbc36b2e1,singleton::beach::beach84
train,beach/beach86.tif,beach,3,daabc2d87732828c6737d6be8c46a2c2d5523f67d65a40f871d275709c8f5038,beach_related_86_91
train,beach/beach87.tif,beach,3,98abaa85422ddbedff63387952cab363323053f11a9fa2cdae0a73c4b26e7e9f,beach_related_86_91
train,beach/beach88.tif,beach,3,8dcae11c9c04f12b6f6d626cf90799ceef28bc75c0e98548b933c8cbab370ba3,beach_related_86_91
train,beach/beach89.tif,beach,3,c04aefeac77cef95776ee05bb83d765214a08c1dda4acb026f102adc9029c0c3,beach_related_86_91
train,beach/beach90.tif,beach,3,717408062027ef6823e9585dcb4e22dda6f59703e62fe56c0c53f3f5df3dcbcc,beach_related_86_91
train,beach/beach91.tif,beach,3,a2291442694b7740e4d67c17491a4888d2992a10cad30566809a56abaf2800d5,beach_related_86_91
train,beach/beach92.tif,beach,3,7c088525c4d36a87e3995348ed18b479081417b432696aa30e2701b7153b1ece,singleton::beach::beach92
train,beach/beach93.tif,beach,3,f583580c8556d56ff4a49f1f279af6e505df1b24696e7589e4d92d33407811fb,singleton::beach::beach93
train,beach/beach94.tif,beach,3,6d7c45a7ee44db01e3be4d3206264b739636cf0d5d506e54c153ae22f2593816,singleton::beach::beach94
train,beach/beach96.tif,beach,3,d5713222c8e95becdc346a13afb04af8487cca947a10ffde14d6b8590f13a949,singleton::beach::beach96
train,beach/beach97.tif,beach,3,3135c32ef552fd2f7f8f4a1880270778e3969e4fdb46eab104d1ba1096301b17,singleton::beach::beach97
train,beach/beach98.tif,beach,3,defe364666498ed99a74440cc4f7345062344f5210598855f2424c0e99124ec7,singleton::beach::beach98
train,beach/beach99.tif,beach,3,c468bfbdde1ba57560a2257639a2bdd9c2a4c5450f0a3e9a018af3826ec2633e,singleton::beach::beach99
train,buildings/buildings00.tif,buildings,4,30075e35872b5a7881203132a7b85900dde6b132385cf953beea75d6579c6056,singleton::buildings::buildings00
train,buildings/buildings01.tif,buildings,4,b25fc40883b4dd6b8e2c96face0ae1e2db1b05e836ca2ecf2558659dfa67f15d,singleton::buildings::buildings01
train,buildings/buildings02.tif,buildings,4,cf77caa55f3027a0a0aa14ea0d1ff115c45267eb2a27afed83a10733a6e6ea18,singleton::buildings::buildings02
train,buildings/buildings03.tif,buildings,4,6e8e4ef993616cdf51293c32fc8be6403632d633b949329c73b715e12eeb0be7,singleton::buildings::buildings03
train,buildings/buildings04.tif,buildings,4,cd88bc31f5e681ffcc805139f03b3c68bbbe67d18979e82a0c3453e8abf9fa54,singleton::buildings::buildings04
train,buildings/buildings05.tif,buildings,4,6d5d0a887a5d3375e18a00f1217baeedb7618561820a1a7c2602998c75f61f47,singleton::buildings::buildings05
train,buildings/buildings06.tif,buildings,4,4c5b4d820e28ec4c2de3adc10b7425abbb907de634f06e7edfe2ef3992d5a01a,singleton::buildings::buildings06
train,buildings/buildings07.tif,buildings,4,e71f85cf38a9878901520af0b77f32a731089dbc0369630a18cbf2d9314efbc7,singleton::buildings::buildings07
train,buildings/buildings10.tif,buildings,4,55de04f09ebf9127e5cfd24c25248c3e2a3eb76325daed2f8a7486b815fdd32e,singleton::buildings::buildings10
train,buildings/buildings12.tif,buildings,4,397642e6fa0868e01c6a2404e2b26a04c6952ff053360e54c7ef6338c4e6d664,singleton::buildings::buildings12
train,buildings/buildings14.tif,buildings,4,3567fa52b7b299af84e3ef34e97c3324781067d477356f344e8a4de8870a4b82,singleton::buildings::buildings14
train,buildings/buildings15.tif,buildings,4,1175f6ae7c1636d160c7bcc5ee10ee91ab5464be7ec1ec325314d93f992a84ab,singleton::buildings::buildings15
train,buildings/buildings18.tif,buildings,4,afe83c0604e177b9e0d12c71397a8f2182fec5070b6e9b2e7c1a2f38131494e7,singleton::buildings::buildings18
train,buildings/buildings19.tif,buildings,4,61db511f236fa497fd0a08f8a7ecec6a6b815b7f711310527f1756c0e114bf4f,singleton::buildings::buildings19
train,buildings/buildings20.tif,buildings,4,1870a5ba350b388620d227da828ff8ed5ad3fa12ac70f89988edeb5c021b7b71,singleton::buildings::buildings20
train,buildings/buildings21.tif,buildings,4,f75655269dbef2c3166d87fc8c2ee09718ed9a144fc12aa42866f36b183384b9,singleton::buildings::buildings21
train,buildings/buildings22.tif,buildings,4,d27d106e0a9fec20b9e58dd0a941a4073d6e573855626346433b2888b560aedd,singleton::buildings::buildings22
train,buildings/buildings23.tif,buildings,4,a791141855e42eaf55a08fd4e23d351b2acbca7f53db44e4505a68e59dc04b80,singleton::buildings::buildings23
train,buildings/buildings24.tif,buildings,4,3f71eb94f1c115fab71fa88eb14d3e5787eada6ec3684251bfba7ab90db80cdf,singleton::buildings::buildings24
train,buildings/buildings25.tif,buildings,4,e34b8265c1e8e7b2441a082d2a89d5ea0cc8ec3d5b52208760085d48d1597d00,singleton::buildings::buildings25
train,buildings/buildings26.tif,buildings,4,989d55041a5ae321ea3d668757e3c0bee5a3e283e7f924867096a6434434a153,singleton::buildings::buildings26
train,buildings/buildings29.tif,buildings,4,2267a0ddef366dd8d8c91bcde5b45651c02e53091904f57060d165b4c929ec15,singleton::buildings::buildings29
train,buildings/buildings31.tif,buildings,4,3a768c4d784dd845f0a5ea0de5123c4cb1589be0bad3ab0f7f81bf0ee24873fc,singleton::buildings::buildings31
train,buildings/buildings32.tif,buildings,4,a13c0496bbd1c8da0bb32d4994ec27f13d55ad253acf032b38503a0e3fa1d6c5,singleton::buildings::buildings32
train,buildings/buildings34.tif,buildings,4,4c919f3056c72feab934e7dd4c9470660af8da851ecf8cfcaece412e40c00954,singleton::buildings::buildings34
train,buildings/buildings35.tif,buildings,4,7161ad883811f2760d103bd0d385e36d8b42b117959a4f6a245db3e3d3103511,singleton::buildings::buildings35
train,buildings/buildings36.tif,buildings,4,589dde16711afbf8799364bf16e237efe704500215db3e457cf86aad2e56eda2,singleton::buildings::buildings36
train,buildings/buildings37.tif,buildings,4,b235a19c5433d5c8f020b1872094e09a3b7ce89f034ce0ba2f66b253334299d2,singleton::buildings::buildings37
train,buildings/buildings39.tif,buildings,4,66b08f9b2e2362f3186a448fff9563c076b4fa64a0aef2a80cdc0a3cd3c1e8bf,singleton::buildings::buildings39
train,buildings/buildings40.tif,buildings,4,c8fa7ee3671158d4ed4ae4252622802b87f00cccc29c4c300dd40c7f8f69cbd2,singleton::buildings::buildings40
train,buildings/buildings41.tif,buildings,4,cd28b52068057bc7b0e446551c9b84b88b14566aae49619382308942e2fcfe66,singleton::buildings::buildings41
train,buildings/buildings42.tif,buildings,4,1207b7467004c63dc630116096fc08ca7e29f7a55317c4c3ba258e265e78faca,singleton::buildings::buildings42
train,buildings/buildings43.tif,buildings,4,337cc3eb3e03141652d6c40c38b684e3aa78184c3f8e059f6027cf526be8c481,singleton::buildings::buildings43
train,buildings/buildings45.tif,buildings,4,15c085d4c52b424449b11e6f7c0a7f60dc74f9535f8d300fd2d1749cd3ec44ca,singleton::buildings::buildings45
train,buildings/buildings46.tif,buildings,4,13060ce12e770e16736dca0506ff994ca913e1ea28dc78cb2816815eb50a34e3,singleton::buildings::buildings46
train,buildings/buildings47.tif,buildings,4,c0777e2bdf7a74450150e4a52170e82c3b297bfcc320a738dace6dbd2d52aa0a,singleton::buildings::buildings47
train,buildings/buildings48.tif,buildings,4,2ea4817fbde4272b760398d6e9768c78f2cee76e1a64a134861f4227c0b6b4d7,singleton::buildings::buildings48
train,buildings/buildings55.tif,buildings,4,4f8911ebfbae6696ab047a8df095fab22d16297bf950cfa48acd8fd61c4ba95f,singleton::buildings::buildings55
train,buildings/buildings56.tif,buildings,4,d9f8acbb799b6d97bfcea50e05de3b095896752f33da0213b9b5ba3945fa5575,singleton::buildings::buildings56
train,buildings/buildings61.tif,buildings,4,e18520833fab9f35fcce65751c5685d9d6e21828f35e4a1fa66e206ebbfb3927,singleton::buildings::buildings61
train,buildings/buildings62.tif,buildings,4,cefcb0002a9289d22d74a1a224d5996b7293a72ed6b042b7048d6ef9a1803a42,singleton::buildings::buildings62
train,buildings/buildings63.tif,buildings,4,301c1202f245c9cb54ba03a91b5008aca41d79a2aa139931b0b8a8d0b69ce792,singleton::buildings::buildings63
train,buildings/buildings64.tif,buildings,4,c92e954ce81e9c2852d94d5ab0c14d59fd1bdda3d1ea0da80d8daf29c5134261,singleton::buildings::buildings64
train,buildings/buildings65.tif,buildings,4,565a93a27ba7db45889555ff5228196a75600a63a2a1dac2bd5d89eb88c76899,singleton::buildings::buildings65
train,buildings/buildings66.tif,buildings,4,901af7cac994f1848481bcdc1b16240a5f1f8f006fe86dafa5a1e1fc96e1bd2d,singleton::buildings::buildings66
train,buildings/buildings67.tif,buildings,4,86e7afb6c617d63b18906eeeae03068d75f049a481527705a9c3088551ed9e10,singleton::buildings::buildings67
train,buildings/buildings68.tif,buildings,4,96333de27ca5e75f01070e326e85ee50131518cf042dba07bfac554e37fbffa0,singleton::buildings::buildings68
train,buildings/buildings71.tif,buildings,4,82d756715cc4a4d8411e475cf49613265492f5871af4de5ef3005a5d84f60071,singleton::buildings::buildings71
train,buildings/buildings72.tif,buildings,4,abaa5eb0bfab7fef42c1c860d011de237c8b6a00795b675d302bce4259f23746,singleton::buildings::buildings72
train,buildings/buildings73.tif,buildings,4,9092c9bb58fda317465f1f87b20373850bf000b8e1604c914f9f330908598d42,singleton::buildings::buildings73
train,buildings/buildings74.tif,buildings,4,6208973879e9ca71c65be8aa6d1173b473618e6edf2b3eda2d96ca4deb21fd98,singleton::buildings::buildings74
train,buildings/buildings75.tif,buildings,4,6feebc6a13d1f8e514cf061a8de13fe6ae015255cdfacc5423be9c2c7ea28dd3,singleton::buildings::buildings75
train,buildings/buildings76.tif,buildings,4,97dde167cac2bb621d985facbce864525af0281352083d6fd5fd42ffedf9bf34,singleton::buildings::buildings76
train,buildings/buildings77.tif,buildings,4,4d00c11bf36e0c714fccf4dadcaf89786dd63a77f87f2ec314a0dd1c156d9e37,singleton::buildings::buildings77
train,buildings/buildings78.tif,buildings,4,719cc1790366ad015725ae22e8e6c42bacd41d0f71118811e2fd8b600e27d992,singleton::buildings::buildings78
train,buildings/buildings80.tif,buildings,4,9a6473db1c64a32daa9707bc03ed3850a1898910b0e174fdb9c195197ec18428,singleton::buildings::buildings80
train,buildings/buildings81.tif,buildings,4,09f45c9e0f6689bdc2cde1ba73aad5bf184a4c77e594d39c52934d3dbb63d4ee,singleton::buildings::buildings81
train,buildings/buildings83.tif,buildings,4,7b94b9953a7bc43d72c5170853ba0d64d38e4b169e7724dd2756a2f9399e50c8,singleton::buildings::buildings83
train,buildings/buildings84.tif,buildings,4,35ba4f52832859ac7ac2d504ce3d0340188f37e270b3904363b34cb6920486bc,singleton::buildings::buildings84
train,buildings/buildings85.tif,buildings,4,1d26e4fe29d5b792a6aa03957afe85c5f3d4302dc4466d2461471e608758f99b,singleton::buildings::buildings85
train,buildings/buildings87.tif,buildings,4,65da5ea2c9d3cf17ba011dac46bfe94dc8e51f35beaa77d301ea5e18963db3f4,singleton::buildings::buildings87
train,buildings/buildings88.tif,buildings,4,fe1ecfa6176c5c190203b3b8f07d25cf4a5a427c94e1dead0271d985cd09181a,singleton::buildings::buildings88
train,buildings/buildings89.tif,buildings,4,ffdad8ffb4f16975a3edcdf56d6b5e16fcaebf62fa6908158a38547f48418496,singleton::buildings::buildings89
train,buildings/buildings90.tif,buildings,4,4e3b158fabeea74e4b495286bd187219996043577f01ead842902aaf2214a071,singleton::buildings::buildings90
train,buildings/buildings91.tif,buildings,4,63868d1f485eafa70102b828b2644c4b20411fe536b718cb69f05dc7b988a951,singleton::buildings::buildings91
train,buildings/buildings92.tif,buildings,4,3e8a1d9e2d310115f80cb15f72a1af4d1e5fee316d9c12f9b367db93aab5a230,singleton::buildings::buildings92
train,buildings/buildings93.tif,buildings,4,c7cc1561532017c02752f9c1eaa6248435491ac31b2982025549f3bd71631807,singleton::buildings::buildings93
train,buildings/buildings96.tif,buildings,4,5eef2cee8c2862f9478fba9f5d2eb00ae4b14ff5c73b7bb4f694414520df8588,singleton::buildings::buildings96
train,buildings/buildings97.tif,buildings,4,904674fe50acf4650658c84c22c94c11cff56aeb9b5693c76bd09e6b14d5af55,singleton::buildings::buildings97
train,buildings/buildings99.tif,buildings,4,2fd87675c05224204d59baba5f530ecf30665327179628ed1f28d1fd2d4e9951,singleton::buildings::buildings99
validation,agricultural/agricultural03.tif,agricultural,0,a74704c8879e4b57c6fb6c4bc5da1db9053073a150f2ebabfdfc90bf7926206e,singleton::agricultural::agricultural03
validation,agricultural/agricultural04.tif,agricultural,0,11f85e41e7dbc1e4f18c557d289dc1b73343b27249aae9f6671109c68886fd78,singleton::agricultural::agricultural04
validation,agricultural/agricultural15.tif,agricultural,0,bf7ca5c407fdfc356093c03c7751730b74ef5be8771e60dfe9a2d233ee3bd53c,singleton::agricultural::agricultural15
validation,agricultural/agricultural22.tif,agricultural,0,a2a27b1786fef62e7f43b4b7df51415b250b070510b840c25cd9dfeddf8fd124,singleton::agricultural::agricultural22
validation,agricultural/agricultural31.tif,agricultural,0,b1ef77da056ae77359fab84f3d8df8656d84f4cd30cfe141f12a9f2f796b11a7,singleton::agricultural::agricultural31
validation,agricultural/agricultural49.tif,agricultural,0,480f23f8701eb4e5885e8652a81a2406bba947a3799d5c0ae88247ac2dee3727,singleton::agricultural::agricultural49
validation,agricultural/agricultural53.tif,agricultural,0,d2a19148376c2282cefb2bcb1c04ed0c82989b96c2c95061ba96876a634dc6ad,singleton::agricultural::agricultural53
validation,agricultural/agricultural62.tif,agricultural,0,8ec83dae5c162271802dd67fb69c47ed7a42f42f77638ca3e43b41cf6afcef5b,singleton::agricultural::agricultural62
validation,agricultural/agricultural66.tif,agricultural,0,2023838e628a74626743ded3a95846ee8f19b20aa65892f2f030729422f8fe6f,singleton::agricultural::agricultural66
validation,agricultural/agricultural74.tif,agricultural,0,4caf51ce90e4c7af7f24f26f1dfadc9f2f12c4bf493eb68d9ec4d90e871016ea,singleton::agricultural::agricultural74
validation,agricultural/agricultural76.tif,agricultural,0,37048608e60e4982f8d01116d14a5c16f3a0890ef329ef07a2fe9d69a1dc341c,singleton::agricultural::agricultural76
validation,agricultural/agricultural78.tif,agricultural,0,a4faa9b26ca00a743c51f97a0e21aca221539be8295cffe1663dd49e4362933a,singleton::agricultural::agricultural78
validation,agricultural/agricultural90.tif,agricultural,0,ed680d91da580fdc0f430c907d1f6dcad2c5c197a4a1bb0ce00995b1abfb3f5c,singleton::agricultural::agricultural90
validation,agricultural/agricultural95.tif,agricultural,0,75f78f0e5ae9461c7f1270b55f3967fcf1c91ba8b2255297f0460f3d671965ea,singleton::agricultural::agricultural95
validation,agricultural/agricultural96.tif,agricultural,0,c43f2ec6317f545eb519802a1ea1f1ed0b9335a7d36d798bd8aac9b2d3d20c72,singleton::agricultural::agricultural96
validation,airplane/airplane03.tif,airplane,1,dcc6482d02bd4b387bd50836cc8dc021dd8b97e832637baadde50d9c65033bdb,singleton::airplane::airplane03
validation,airplane/airplane08.tif,airplane,1,3ed6735293a4e624e3019a1f09dd7dd5af2893d03b6bf83ee6294d6cdbf794dc,singleton::airplane::airplane08
validation,airplane/airplane10.tif,airplane,1,eba4c7bcab3c8e1a08d7c9a7dac8d3014945ccb1dd229b3fd6e3262781ed9527,singleton::airplane::airplane10
validation,airplane/airplane16.tif,airplane,1,51eaa6c713dd0e3307135ab8602b36192da82829e189ce60dc7b2aa00a4c846d,singleton::airplane::airplane16
validation,airplane/airplane25.tif,airplane,1,dc4212619c85bd7442ec88f88a8314b63e74b6542277f473ee029fb03be0220c,singleton::airplane::airplane25
validation,airplane/airplane26.tif,airplane,1,25f713ae4587146ab1ffd37d8e2411e08c4b3efae9f13d5832a3ea7498e07186,singleton::airplane::airplane26
validation,airplane/airplane34.tif,airplane,1,4d010313d6444c71ebdd199368e37019a85ce309f11286c932f687a7ce06ed54,singleton::airplane::airplane34
validation,airplane/airplane38.tif,airplane,1,9e846964d48e1f35fa899284211cf5e60eeb6d50a9d3977754a2180d78a920d7,singleton::airplane::airplane38
validation,airplane/airplane41.tif,airplane,1,87d7830aac957e0773a76d12d5662c3bed35076c6be51863d511858edfbc4fb3,singleton::airplane::airplane41
validation,airplane/airplane55.tif,airplane,1,16e91627527ba362ec943094ec14c6cb9ce33db17aebae2e0c3d88fcd5c96a13,singleton::airplane::airplane55
validation,airplane/airplane59.tif,airplane,1,463ad1e2fdb34f7df2e8c3d5a637c0b2856ffd7855d14f77cd197bf6a657e441,singleton::airplane::airplane59
validation,airplane/airplane65.tif,airplane,1,de7c89835698aa9f114eb82816cb03bbda1cf233b038557e7200d126b4d6f7fa,singleton::airplane::airplane65
validation,airplane/airplane77.tif,airplane,1,667e8bc2c15e1207bf810f1388d0b8b187c42da7b54ea236c75d9e1f659ce720,singleton::airplane::airplane77
validation,airplane/airplane81.tif,airplane,1,a6a380e9a2488870d338d96a433b76899e00affe3cad10406987cc6010d9fe71,singleton::airplane::airplane81
validation,airplane/airplane88.tif,airplane,1,42ccbc061c782a40cfe5ea1237b10daef1575ba94618c36e934c377d8d84711b,singleton::airplane::airplane88
validation,baseballdiamond/baseballdiamond06.tif,baseballdiamond,2,a45c5c2b8955f8f25221a3f199866a29461642c5d5b028261cbdba1eb6f7e068,singleton::baseballdiamond::baseballdiamond06
validation,baseballdiamond/baseballdiamond12.tif,baseballdiamond,2,c24302084a4ce2d2bc5bcbf2d4f01f6120c4c087e6c6758085b73fbe08c17324,singleton::baseballdiamond::baseballdiamond12
validation,baseballdiamond/baseballdiamond15.tif,baseballdiamond,2,b68e8a21ac20a8b5f1cc720b26853b731785a2584352963b5c595366e20997a2,singleton::baseballdiamond::baseballdiamond15
validation,baseballdiamond/baseballdiamond29.tif,baseballdiamond,2,c8462d72836232c136e9b394c51f9fadd867ce8be80926727288af23b2590911,singleton::baseballdiamond::baseballdiamond29
validation,baseballdiamond/baseballdiamond31.tif,baseballdiamond,2,f9591aba9d36db9ff1fbd32e12a8742a9a5e54bb950a8a79639bc30829cf57a5,singleton::baseballdiamond::baseballdiamond31
validation,baseballdiamond/baseballdiamond39.tif,baseballdiamond,2,8aa49868601d857dd4528d30aeaee57c3a472a4a87e125134d58a1771885bcb6,singleton::baseballdiamond::baseballdiamond39
validation,baseballdiamond/baseballdiamond49.tif,baseballdiamond,2,de387213a3d35601da03ab866222df2c04c18e1bb2bbff2acec44957ae80ed42,singleton::baseballdiamond::baseballdiamond49
validation,baseballdiamond/baseballdiamond55.tif,baseballdiamond,2,90c0df20b5fb9cf1f33b2f974a732793ac715e08485c8a22cb62effe8dc17589,singleton::baseballdiamond::baseballdiamond55
validation,baseballdiamond/baseballdiamond57.tif,baseballdiamond,2,914f2535f7650741ca836a6b8403eb3bdd67825745a596a2972d9003376e8f61,singleton::baseballdiamond::baseballdiamond57
validation,baseballdiamond/baseballdiamond59.tif,baseballdiamond,2,c353d3120284860a11873852a167bbd5e8f0bb8d1b8dd27b0cc209d33fd116b6,singleton::baseballdiamond::baseballdiamond59
validation,baseballdiamond/baseballdiamond68.tif,baseballdiamond,2,9a53fb3cf07f4925526f33b2103fae0e57c86975ff0e0fdfc19fe944bef8133a,singleton::baseballdiamond::baseballdiamond68
validation,baseballdiamond/baseballdiamond75.tif,baseballdiamond,2,d44dde32b72544e3aaa3113a1b1805ef8ffde84eeaf96c0f0a95f590f98e9cdd,singleton::baseballdiamond::baseballdiamond75
validation,baseballdiamond/baseballdiamond80.tif,baseballdiamond,2,8b1ecd2a661e368d09371edab6c342753d4916f6b79579136d5c5a79bcc3d7c6,singleton::baseballdiamond::baseballdiamond80
validation,baseballdiamond/baseballdiamond85.tif,baseballdiamond,2,140d802e42f2e5c820cec83710986e41b79e252c10e4847735a576037ec8a8b6,singleton::baseballdiamond::baseballdiamond85
validation,baseballdiamond/baseballdiamond87.tif,baseballdiamond,2,000c634a3be676703607f5e2705821738c29b3c9b0bd6316afb4c69a4f29c739,singleton::baseballdiamond::baseballdiamond87
validation,beach/beach00.tif,beach,3,10d7f29465c2ee0a46e0df1c42dbc30f4ee8e285054db68fab96069635ed73f1,singleton::beach::beach00
validation,beach/beach11.tif,beach,3,7ca73a946000e468f86458c8a89d117915edac11a92076e7737e567f13c4886d,singleton::beach::beach11
validation,beach/beach16.tif,beach,3,13b841ab6b7d441b2a5deb115c12fd70d56a7c1056471b85648ee23e7a3dde91,singleton::beach::beach16
validation,beach/beach33.tif,beach,3,4847ddb4090cf27bf8b3a5883de3d38417161ffb599ff381b714efa100ec84cb,singleton::beach::beach33
validation,beach/beach42.tif,beach,3,cca166a332a95df743674965f3d484d2809be53f3a7e821bdf19ee820b5bd865,singleton::beach::beach42
validation,beach/beach44.tif,beach,3,5994894d279171cc38122f534efc3a1666e3be74814b28569d9b4ae095cd4d20,singleton::beach::beach44
validation,beach/beach51.tif,beach,3,c2b76e452751905079a03ea9fed3dd4693f0d897819afc153d8faa11ba083da9,singleton::beach::beach51
validation,beach/beach57.tif,beach,3,474f34263ca88f12506d07728aa42855607595865237834c2c109e201e7c31c6,singleton::beach::beach57
validation,beach/beach65.tif,beach,3,990a335660fdd73b8afda265ceb8dafa3df61fc4cc058d1caf5962248f75a207,singleton::beach::beach65
validation,beach/beach73.tif,beach,3,5488c72a5d47ba53259e64df0192d783ca98089293d6dddeec7c9790b01dfc20,singleton::beach::beach73
validation,beach/beach75.tif,beach,3,48201d4fc2eb3e9efa874229cae3a5a96886d3b07cec82a084b4d8a1612ac708,beach_related_75_79
validation,beach/beach77.tif,beach,3,f7c537ef035feaaca71291c0f0cb5fbda49c859a61d83148c44ae49bb3984f9a,beach_related_75_79
validation,beach/beach78.tif,beach,3,d4316c5fa06c92d8b7bf4c4a23698ce5d7110c34e11ce725f5187de66c1420a9,beach_related_75_79
validation,beach/beach79.tif,beach,3,a6688b614a8677153a978cf7e76382467f15ce831330c9016faa276178308179,beach_related_75_79
validation,beach/beach80.tif,beach,3,583e3c5651f04b20af60816e02c6065e0632bbae7412a63335322b909ba53e07,singleton::beach::beach80
validation,buildings/buildings08.tif,buildings,4,1a6174cca697fd77f41144acf1c4c9a736b15f846c3d2d35e2f08300c3783abd,singleton::buildings::buildings08
validation,buildings/buildings09.tif,buildings,4,9370ebfc7770f692d84eff45dc0ed75b2c23bd1fd70e0468b1237692e217f344,singleton::buildings::buildings09
validation,buildings/buildings27.tif,buildings,4,eaf97ae9f22d5b41d7443ca4720126c9e553b183e58ac27313543ea8fae4c8ee,singleton::buildings::buildings27
validation,buildings/buildings38.tif,buildings,4,0d962d4be861b83e3ff7c61939922853169a733b8a48c18bcb9f165fee8b09a6,singleton::buildings::buildings38
validation,buildings/buildings50.tif,buildings,4,4063380def6c585cc3f03987727027f9a30a9316e267f20de13517ab6153c296,singleton::buildings::buildings50
validation,buildings/buildings52.tif,buildings,4,3f303d8c3efda81280c3ecfbf10c2c8845eccf4af6fbd68ec20fbab670827e5c,singleton::buildings::buildings52
validation,buildings/buildings58.tif,buildings,4,6d42e1a70d401d37d47c081fda2d124b3b27aad4c9c6c4294ffa5040fc847f5b,singleton::buildings::buildings58
validation,buildings/buildings60.tif,buildings,4,c6caf3346c533f7a8190c1f66e75688e7c9fc82421af6996e1ecfbf554992fef,singleton::buildings::buildings60
validation,buildings/buildings69.tif,buildings,4,288fb19962ac20ce2457f775f7ac7b171b555e47e4c1a3d331ebb92a1227930a,singleton::buildings::buildings69
validation,buildings/buildings70.tif,buildings,4,4a27b2cdd533283e78d612e2578e922d93bc847f97ff7eb4a57e137ff4103c51,singleton::buildings::buildings70
validation,buildings/buildings82.tif,buildings,4,d3a6e8359254987c58133abc7f8396b7ce9bf6856ceb3ea1a8c748fec2ead1d6,singleton::buildings::buildings82
validation,buildings/buildings86.tif,buildings,4,6cd7b9bcd966f5c533178bc5f9b63f4cd5b3f98f1e5f0d63c86b98b82dbedee6,singleton::buildings::buildings86
validation,buildings/buildings94.tif,buildings,4,d17ac0029984c59ba3c0994eca9940eb41aac42c90c97209ae7684cfd6e024b6,singleton::buildings::buildings94
validation,buildings/buildings95.tif,buildings,4,bdae1078d6f74cb23865fb8f4eacb99afc87eab34c10f42a2d812cc0e6faa0f9,singleton::buildings::buildings95
validation,buildings/buildings98.tif,buildings,4,5b77c6c9b1951610b685ed44c37850c7edff5b8479d877ad291d42403bb73ab7,singleton::buildings::buildings98
test,agricultural/agricultural06.tif,agricultural,0,a9eac59d5d176cdd2099c2486c0938c5f12d6b507274f0ee90c1f212967a99f2,singleton::agricultural::agricultural06
test,agricultural/agricultural09.tif,agricultural,0,439ccb15e2edb554bdcc753a84b5a9c4b740ae0afce96cf85e4ed85338867b98,singleton::agricultural::agricultural09
test,agricultural/agricultural11.tif,agricultural,0,0881fe4381ee77fbd796b0587abeb97e4e7cbfd7c4be38e0a62d81f9909f3ed2,singleton::agricultural::agricultural11
test,agricultural/agricultural12.tif,agricultural,0,784a7ab5df8cace43f497f2f715bbcf26037df2609658d8e2bf3808040046d59,singleton::agricultural::agricultural12
test,agricultural/agricultural20.tif,agricultural,0,1f35ea42b26e33f0b6784b327259ba2e3336d5764c06d71148d723a0fb974c85,singleton::agricultural::agricultural20
test,agricultural/agricultural30.tif,agricultural,0,85b414d7806f332d757350f104bd0d6a2375d00a70b8da4f86a381199887aae7,singleton::agricultural::agricultural30
test,agricultural/agricultural35.tif,agricultural,0,fc5e738bc7dfc39731f7245582cd2b213fed61e8a5496aa3fdd8d4c393b75c92,singleton::agricultural::agricultural35
test,agricultural/agricultural44.tif,agricultural,0,7ede63a3277224d1e538c9840aa54d58b78eff196d294a661d30f0e54dc3569e,singleton::agricultural::agricultural44
test,agricultural/agricultural56.tif,agricultural,0,bf4fbfa9690285fadc425076c221b6866cc932aab8223478b6f21353873b8a01,singleton::agricultural::agricultural56
test,agricultural/agricultural61.tif,agricultural,0,7c17dbb28b8c90cf097f5c72a85e4a6e3d3ce012feef0234190cb1a5961f16ef,singleton::agricultural::agricultural61
test,agricultural/agricultural69.tif,agricultural,0,73d8aef8aed28032000f044e9bcd3fb971a506aff2e8c38048e3b4f759837b45,singleton::agricultural::agricultural69
test,agricultural/agricultural71.tif,agricultural,0,6496b7eb3c902ef33047d1a8704fcf5c75cff442a1d724ce6f3a67508a2be775,singleton::agricultural::agricultural71
test,agricultural/agricultural92.tif,agricultural,0,f9baf20f566123725b222c087bf49918d1a423c09ebf86a1e632e1cba3486b58,singleton::agricultural::agricultural92
test,agricultural/agricultural98.tif,agricultural,0,0e894475efa2e6da0ea109b78c544ba713fcad0f435c437d10a768d95cc26a71,singleton::agricultural::agricultural98
test,agricultural/agricultural99.tif,agricultural,0,490d4e0946187fb6b082fb69a152df53a23e8d8cdc42d5e2922dea9e800d015d,singleton::agricultural::agricultural99
test,airplane/airplane12.tif,airplane,1,f4cb21cc355fd4d2889dff416e57df168b33a9b382266c1fbf6249fb0c18b2be,singleton::airplane::airplane12
test,airplane/airplane18.tif,airplane,1,24b7b5f7787d169a1824c8237f70392043859e7140539bc5a9df8000c5501b42,singleton::airplane::airplane18
test,airplane/airplane21.tif,airplane,1,8bfa57da6060a5d4c4a3645d29e335a63198e1090b1c17b1f032a42661d65ddd,singleton::airplane::airplane21
test,airplane/airplane35.tif,airplane,1,473aa9733d0a34f813c4357bd0c876a7a319f29417df3f8ae54e0f79d2066bec,singleton::airplane::airplane35
test,airplane/airplane40.tif,airplane,1,78fc6728e98e29ebc2cc9ec8c2c4fff7d3d1418d8d2401031102ca3e1794195f,singleton::airplane::airplane40
test,airplane/airplane46.tif,airplane,1,2e86af46762f7639d061932f3365a30ed0d06f6e49de26bbe24d90d39ef8140c,singleton::airplane::airplane46
test,airplane/airplane50.tif,airplane,1,e9feade8d94ce0f06da056e93b62fd9ba3d4d2167dfa60d30bae92340f1e079f,singleton::airplane::airplane50
test,airplane/airplane63.tif,airplane,1,e0fa557736d45727c1d6718c0100e2660826a6fe4315b0f77d432698a19695aa,singleton::airplane::airplane63
test,airplane/airplane68.tif,airplane,1,5b920a771a301750a5d4ef991583e7cf75e5cdde6d28376448410104e1b1df0f,singleton::airplane::airplane68
test,airplane/airplane71.tif,airplane,1,c024ca2b51994b44f8f878fd0a85c6f9ce40453bc93770b8b8c8608466f7c8c4,singleton::airplane::airplane71
test,airplane/airplane74.tif,airplane,1,5ef01268fa89e9b06e9eb4649f100b6d8d7a8f6951b0a13275691c42b5b08b6e,singleton::airplane::airplane74
test,airplane/airplane79.tif,airplane,1,8f61c3528fc401850f10b6fdf06dcab9a199cb41f4c975b51bd9960d32b9d3e7,singleton::airplane::airplane79
test,airplane/airplane80.tif,airplane,1,fd863b955f2a7fd480933ac4c3095524eef65de08b00eea0328794f80be89e16,singleton::airplane::airplane80
test,airplane/airplane84.tif,airplane,1,0ecc3f9eea2f66d54053f6512075596af0fb38e437fda20e3e1730fad1912d0a,singleton::airplane::airplane84
test,airplane/airplane94.tif,airplane,1,82686d72d5d64dd7fee6768e035047994bef2f8a46232ea72f8f506963d6df89,singleton::airplane::airplane94
test,baseballdiamond/baseballdiamond01.tif,baseballdiamond,2,56cbd6353767bc6f906385368e940d5c252597f31fdf240b1c39f6a91f7ac76f,singleton::baseballdiamond::baseballdiamond01
test,baseballdiamond/baseballdiamond07.tif,baseballdiamond,2,796409377e18a0afce14af52384d502a09300cde36c5357dbdf24c0e68d72d6b,singleton::baseballdiamond::baseballdiamond07
test,baseballdiamond/baseballdiamond14.tif,baseballdiamond,2,9c0491c16451a02be8af8f6fd73daea3f46087f4b12be88683fba55c22557641,singleton::baseballdiamond::baseballdiamond14
test,baseballdiamond/baseballdiamond19.tif,baseballdiamond,2,ba724d51cdab7b613594bf554975dbc173e319d8a4ba1669d1c5b219085d1176,singleton::baseballdiamond::baseballdiamond19
test,baseballdiamond/baseballdiamond25.tif,baseballdiamond,2,f2f9b460de0509f8d58853c3bb6934333d79e63ea5c35781915b0506d1c05fe9,singleton::baseballdiamond::baseballdiamond25
test,baseballdiamond/baseballdiamond33.tif,baseballdiamond,2,3176585bdc305669e88cbdd005ecd8be8abf17c3eb0c6a9accbb5bdeeeedf7ec,singleton::baseballdiamond::baseballdiamond33
test,baseballdiamond/baseballdiamond34.tif,baseballdiamond,2,5455b258eea78034af90ffdf8e37c247a1f2afbcd09ce5d35575cec9c6828e91,singleton::baseballdiamond::baseballdiamond34
test,baseballdiamond/baseballdiamond46.tif,baseballdiamond,2,6e13c84825642e15d83d3173f06c6185452b7339c30e6eaf54d5cdb011642ffb,singleton::baseballdiamond::baseballdiamond46
test,baseballdiamond/baseballdiamond48.tif,baseballdiamond,2,6445347609671774256c481cd7726b870524f98990d8eddc637de2552693933f,singleton::baseballdiamond::baseballdiamond48
test,baseballdiamond/baseballdiamond50.tif,baseballdiamond,2,6495c6f6ae5158148b5af221a34e2efd5f2bfea27eb7639b5b74c214f2059d30,singleton::baseballdiamond::baseballdiamond50
test,baseballdiamond/baseballdiamond74.tif,baseballdiamond,2,d1a8741d3ca3d4934478425df366da7e75921c26aa83436df189db50aa5bc90f,singleton::baseballdiamond::baseballdiamond74
test,baseballdiamond/baseballdiamond77.tif,baseballdiamond,2,ceee7ff8aa887ca58a82e6a692cd96ef6f81bfde3f40f0df8a26f202feaa180c,singleton::baseballdiamond::baseballdiamond77
test,baseballdiamond/baseballdiamond83.tif,baseballdiamond,2,c9f65c8234598f8e5636406b2974d142dacc74faa6460a8dad128cdc299cf1dd,singleton::baseballdiamond::baseballdiamond83
test,baseballdiamond/baseballdiamond88.tif,baseballdiamond,2,e40bd69f7404cc43c51fc751ebbf0e8c6a1da47d353a3690a1f3cc21e7a54fba,singleton::baseballdiamond::baseballdiamond88
test,baseballdiamond/baseballdiamond97.tif,baseballdiamond,2,c3e8bfc0da7dbc2d7aa77df78439404cfc363ad8744c283dcbde256f0af8b2b3,singleton::baseballdiamond::baseballdiamond97
test,beach/beach05.tif,beach,3,7ec754950e88b03a0dc18f6a4bd5911672137bbe5fd4c855565c79efdb4e103c,singleton::beach::beach05
test,beach/beach06.tif,beach,3,40c207aa1d2b2c3b79a403df5ed64d831a2e423ffcafaf20c74d635f80826229,singleton::beach::beach06
test,beach/beach08.tif,beach,3,c6799f3a8da7d22a094c77a2e6e855d9b9e26f8ae6d2d17fb678f7e661963ec9,singleton::beach::beach08
test,beach/beach15.tif,beach,3,6ff9cc40d5d3e09e347a785625b9c05254889d72322eb9ce9a63d3aca591b5c0,singleton::beach::beach15
test,beach/beach18.tif,beach,3,70850fc72cefe520b40f1c8a3e2a36a52b3dd8ffb90b74c659b2eb0a6428ee3a,singleton::beach::beach18
test,beach/beach24.tif,beach,3,6dd608bf15b9e97b9fd247e542fca54a98697f5b82af1c0975f36045f3dd2994,singleton::beach::beach24
test,beach/beach25.tif,beach,3,06b7c3670449dd6abdf4a9105ed4b144c90565df38260c509fa546928343c811,singleton::beach::beach25
test,beach/beach32.tif,beach,3,410a12b87c6cfd0b4b2575989a9219b2606330dd653cc48242a6566af21d2034,singleton::beach::beach32
test,beach/beach34.tif,beach,3,90aaeaa60b356d06eca1460299fae8fa84b5737b06a408d2e2c376e502187e82,singleton::beach::beach34
test,beach/beach46.tif,beach,3,688ea872a72f2d4bac6b8300394e5fba1cee052b4e1c3548f35f8402c6945c5d,singleton::beach::beach46
test,beach/beach72.tif,beach,3,44f89c19960f83211a718491a01e6caee3ddd05a8ef632275dac7f397921c2ab,singleton::beach::beach72
test,beach/beach81.tif,beach,3,b00c65488d15f3d2cca48ee0d0c86abdfc1b654968253d3905d9879e1b882d64,singleton::beach::beach81
test,beach/beach82.tif,beach,3,c441408318644a9926801249d8d4487860ee79db191ba09fec435da000e81fc4,singleton::beach::beach82
test,beach/beach85.tif,beach,3,d5c8a083091a3b3be015f8702ebebe1a48906369454a20ea94ddc6755aeceb4d,singleton::beach::beach85
test,beach/beach95.tif,beach,3,f4920f27b6d5defc6995a5e70d0e1d8aaaceea142fb0f287fbce785d33f063ab,singleton::beach::beach95
test,buildings/buildings11.tif,buildings,4,62112c301b745ba7282ab373cfedf38f4f2a1126b918b1236f47b84aa6d6d288,singleton::buildings::buildings11
test,buildings/buildings13.tif,buildings,4,b9b9da92adaed2cc3ab4b392ecd541f35fb00cc0221b584246cc0f8d61407690,singleton::buildings::buildings13
test,buildings/buildings16.tif,buildings,4,607f6832213908c3ee9644ba1130036e9508e8c10c0202404f79bf451951b756,singleton::buildings::buildings16
test,buildings/buildings17.tif,buildings,4,c3f6f8eac8cc8a62ff8db33b919c54edc21bd594c5fa18b1ab6d0345c526d33d,singleton::buildings::buildings17
test,buildings/buildings28.tif,buildings,4,b9425ada56799bfcf4d059913ca911315c2e422bc4cff0ba23e51af505306a51,singleton::buildings::buildings28
test,buildings/buildings30.tif,buildings,4,3a7d5bd17c9a9fd6384d1f2dfbb880ef3b76fb1d7db2e0b33d4c94fb77f1b394,singleton::buildings::buildings30
test,buildings/buildings33.tif,buildings,4,84b9f28c29daa78bee5a3e30652644b15c35fee6ef341943b0735da96f3ea809,singleton::buildings::buildings33
test,buildings/buildings44.tif,buildings,4,d639076f0dcfe6bcc0f463220193eacf03d49cdb9a205e171ef7b9a0ab1b8113,singleton::buildings::buildings44
test,buildings/buildings49.tif,buildings,4,d9a76c8c0127d3ee822db4df930c41fb64b40464dcfc192a33e066bc8ba8fdf5,singleton::buildings::buildings49
test,buildings/buildings51.tif,buildings,4,e9c9745819f42ade88e5d08cba59a6c9b64778caaf0b53a0abb62e84e16b71e0,singleton::buildings::buildings51
test,buildings/buildings53.tif,buildings,4,3b91010289f773d10a4a7c9383b413491807396ef3fa1bdd77da4c34ad1adea3,singleton::buildings::buildings53
test,buildings/buildings54.tif,buildings,4,71220791b1474952bca9f923a7e4d47a9b290832cb0fbe79353e21d3d1710ffb,singleton::buildings::buildings54
test,buildings/buildings57.tif,buildings,4,118d8d85c5010090d9cc0622518440a894fedeaadcdfdca6cd8820a501082db9,singleton::buildings::buildings57
test,buildings/buildings59.tif,buildings,4,700346ce7b7d221afc4c50feb697e64ad4779069df03aae72f3acc9f4904c65a,singleton::buildings::buildings59
test,buildings/buildings79.tif,buildings,4,f0988740fa2b5aae1206c8cf3a4d0375ad68b103caf1d245829288e1e7311ad3,singleton::buildings::buildings79
